city,km,tier,p4,p4r,p6s,p6sr,p6sp,p6spr,p7,p7r
jerusalem,62,0,220,400,300,550,350,600,370,640
jerusalem,81,0,300,550,400,680,450,750,470,790
jerusalem,198,0,800,1200,1000,1600,1100,1700,1120,1740
jerusalem,58,,200,380,270,480,320,570,340,610
jerusalem,45,1,200,380,270,480,320,570,340,610
jerusalem,312,0,1200,1800,1400,2000,1500,2100,1520,2140
jerusalem,68,0,240,440,320,570,370,650,390,690
jerusalem,53,0,200,380,270,480,320,570,340,610
jerusalem,17,1,100,200,150,280,180,340,200,380
jerusalem,8,1,70,140,100,200,120,220,140,260
jerusalem,21,1,120,220,180,340,200,380,220,420
jerusalem,73,0,300,550,400,680,450,750,470,790
jerusalem,101,0,400,680,500,800,600,900,620,940
jerusalem,35,1,150,280,220,400,250,450,270,490
jerusalem,28,1,120,220,180,340,200,380,220,420
jerusalem,54,0,220,400,300,550,350,600,370,640
jerusalem,46,1,200,380,270,480,320,570,340,610
jerusalem,84,0,300,550,400,680,450,750,470,790
jerusalem,178,0,650,1000,800,1200,900,1400,920,1440
jerusalem,151,0,600,900,750,1100,850,1300,870,1340
beit_shemesh,101,0,400,680,500,800,600,900,620,940
beit_shemesh,51,0,200,380,270,480,320,570,340,610
beit_shemesh,21,1,120,220,180,340,200,380,220,420
beit_shemesh,44,1,200,380,270,480,320,570,340,610
beit_shemesh,23,1,140,260,200,380,230,420,250,460
beit_shemesh,51,0,200,380,270,480,320,570,340,610
beit_shemesh,60,1,250,450,320,570,380,650,400,690
beit_shemesh,41,1,200,380,270,480,320,570,340,610
beit_shemesh,32,1,160,300,220,400,250,450,270,490
beit_shemesh,32,1,150,280,220,400,250,450,270,490
beit_shemesh,38,1,180,340,250,450,300,550,320,590
beit_shemesh,49,0,200,380,270,480,320,570,340,610
beit_shemesh,55,0,220,400,300,550,350,600,370,640
beit_shemesh,55,0,200,380,270,480,320,570,340,610
beit_shemesh,31,1,180,340,250,450,300,550,320,590
beit_shemesh,40,1,200,380,270,480,320,570,340,610
beit_shemesh,65,1,270,480,350,600,420,700,440,740
beit_shemesh,196,0,750,1100,900,1400,1000,1600,1020,1640
beit_shemesh,165,0,650,1000,800,1200,900,1400,920,1440
beit_shemesh,40,1,200,380,270,480,320,570,340,610
rishon,32,1,150,280,220,400,250,450,270,490
rishon,53,0,200,380,270,480,320,570,340,610
rishon,21,1,120,220,180,340,200,380,220,420
rishon,29,1,140,260,200,380,230,420,250,460
rishon,22,1,120,220,180,340,200,380,220,420
rishon,24,1,120,220,180,340,200,380,220,420
rishon,29,1,150,280,220,400,250,450,270,490
rishon,19,1,120,220,180,340,200,380,220,420
rishon,40,1,200,380,270,480,320,570,340,610
rishon,154,0,600,900,750,1100,850,1300,870,1340
rishon,72,1,300,550,400,680,450,750,470,790
rishon,22,1,120,220,180,340,200,380,220,420
harish,39,1,180,340,250,450,300,550,320,590
harish,66,0,250,450,320,570,380,650,400,690
harish,72,0,280,500,380,650,430,720,450,760
harish,60,1,250,450,320,570,380,650,400,690
harish,83,0,300,550,400,680,450,750,470,790
harish,114,0,450,750,580,880,650,1000,670,1040
harish,64,0,250,450,320,570,380,650,400,690
petah_tikva,22,1,120,220,180,340,200,380,220,420
petah_tikva,64,0,250,450,320,570,380,650,400,690
petah_tikva,10,1,80,160,120,220,140,260,160,300
petah_tikva,6,1,70,140,100,200,120,220,140,260
petah_tikva,10,1,80,160,120,220,140,260,160,300
petah_tikva,18,1,110,210,160,300,190,360,210,400
petah_tikva,54,0,220,400,300,550,350,600,370,640
petah_tikva,30,1,150,280,220,400,250,450,270,490
petah_tikva,32,0,120,220,180,340,200,380,220,420
petah_tikva,18,1,120,220,180,340,200,380,220,420
petah_tikva,6,1,80,160,120,220,140,260,160,300
petah_tikva,18,1,120,220,180,340,200,380,220,420
petah_tikva,64,,220,400,300,550,350,600,370,640
petah_tikva,4,1,50,100,80,160,100,200,120,240
petah_tikva,11,1,80,160,120,220,140,260,160,300
petah_tikva,138,0,550,850,700,1050,800,1200,820,1240
petah_tikva,33,1,160,300,220,400,250,450,270,490
petah_tikva,19,1,120,220,180,340,200,380,220,420
petah_tikva,49,1,220,400,300,550,350,600,370,640
petah_tikva,64,,220,400,300,550,350,600,370,640
maale_adumim,74,0,300,550,400,680,450,750,470,790
maale_adumim,15,1,120,220,180,340,200,380,220,420
maale_adumim,78,0,300,550,400,680,450,750,470,790
maale_adumim,71,0,280,500,380,650,430,720,450,760
maale_adumim,64,1,280,500,380,650,430,720,450,760
maale_adumim,78,0,280,500,380,650,430,720,450,760
maale_adumim,47,1,200,380,270,480,320,570,340,610
maale_adumim,26,1,120,220,180,340,200,380,220,420
maale_adumim,42,1,220,400,300,550,350,600,370,640
tel_aviv,132,1,550,850,700,1050,800,1200,820,1240
tel_aviv,22,1,120,220,180,340,200,380,220,420
tel_aviv,37,1,180,340,250,450,300,550,320,590
tel_aviv,12,1,80,160,120,220,140,260,160,300
tel_aviv,67,0,270,480,350,600,420,700,440,740
tel_aviv,19,1,100,200,150,280,180,340,200,380
tel_aviv,25,1,120,220,180,340,200,380,220,420
tel_aviv,59,0,240,440,320,570,370,650,390,690
tel_aviv,68,0,240,440,320,570,370,650,390,690
tel_aviv,31,1,150,280,220,400,250,450,270,490
tel_aviv,74,0,280,500,380,650,430,720,450,760
tel_aviv,111,0,450,750,580,880,650,1000,670,1040
tel_aviv,58,1,280,500,380,650,430,720,450,760
tel_aviv,24,1,120,220,180,340,200,380,220,420
tel_aviv,30,1,150,280,220,400,250,450,270,490
tel_aviv,24,1,120,220,180,340,200,380,220,420
tel_aviv,42,1,180,340,250,450,300,550,320,590
tel_aviv,4,1,70,140,100,200,120,220,140,260
tel_aviv,15,1,100,200,150,280,180,340,200,380
tel_aviv,40,0,160,300,220,400,250,450,270,490
elad,46,1,200,380,270,480,320,570,340,610
elad,106,0,400,680,500,800,600,900,620,940
elad,10,1,80,160,120,220,140,260,160,300
elad,20,1,100,200,150,280,180,340,200,380
elad,54,0,220,400,300,550,350,600,370,640
elad,24,1,120,220,180,340,200,380,220,420
elad,13,1,100,200,150,280,180,340,200,380
elad,18,1,100,200,150,280,180,340,200,380
elad,29,1,140,260,200,380,230,420,250,460
ashdod,74,0,300,550,400,680,450,750,470,790
ashdod,33,1,150,280,220,400,250,450,270,490
ashdod,21,1,120,220,180,340,200,380,220,420
ashdod,29,1,140,260,200,380,230,420,250,460
netanya,9,1,70,140,100,200,120,220,140,260
netanya,22,1,120,220,180,340,200,380,220,420
netanya,38,1,180,340,250,450,300,550,320,590
netanya,27,1,120,220,180,340,200,380,220,420
netanya,103,0,400,680,500,800,600,900,620,940
netanya,12,1,80,160,120,240,140,260,160,300
netanya,103,0,400,680,500,800,600,900,620,940
netanya,53,1,250,450,320,570,380,650,400,690
netanya,106,0,420,700,550,850,620,900,640,940
netanya,65,0,320,550,420,650,470,700,490,750
netanya,38,0,200,380,270,480,320,570,340,610
netanya,31,1,180,340,250,450,300,550,320,590
netanya,61,0,250,450,320,570,380,650,400,690
netanya,53,1,250,450,320,570,380,650,400,690
netanya,59,0,250,450,320,570,380,650,400,690
netanya,20,1,120,220,180,340,200,380,220,420
netanya,104,0,400,680,500,800,600,900,620,940
netanya,20,1,120,220,180,340,200,380,220,420
netanya,97,0,350,600,450,750,500,800,520,840
netanya,94,0,400,680,500,800,600,900,620,940
netanya,62,0,250,450,320,570,380,650,400,690
netanya,27,1,150,280,220,400,250,450,270,490
netanya,52,0,250,450,320,570,380,650,400,690
netanya,89,0,350,600,450,750,500,800,520,840
